{
    "XGBoost": {
        "metrics": {
            "val_h1_mae": 0.0001176260644395466,
            "val_h1_mse": 1.3835891035536368e-08,
            "val_h1_rmse": 0.0001176260644395466,
            "val_h1_mape": 0.00655953161815378,
            "val_h1_smape": 0.006559746762485258,
            "val_h1_r2": 0.0,
            "val_h1_mase": 0.0014057170434294017,
            "val_h7_mae": 0.0016703806451404837,
            "val_h7_mse": 5.3074817015238314e-06,
            "val_h7_rmse": 0.002303797235332101,
            "val_h7_mape": 0.08617350556374365,
            "val_h7_smape": 0.08624314704016631,
            "val_h7_r2": 0.9991028654097318,
            "val_h7_mase": 0.01996226391724059,
            "val_h30_mae": 0.0028967627377668548,
            "val_h30_mse": 1.3589049728553454e-05,
            "val_h30_rmse": 0.0036863328293242127,
            "val_h30_mape": 0.14238391156813643,
            "val_h30_smape": 0.1425429425279448,
            "val_h30_r2": 0.9990670448851231,
            "val_h30_mase": 0.03461842212142432,
            "test_h1_mae": 0.0001852850937775763,
            "test_h1_mse": 3.433056597616524e-08,
            "test_h1_rmse": 0.0001852850937775763,
            "test_h1_mape": 0.008737463018412963,
            "test_h1_smape": 0.008737844751389843,
            "test_h1_r2": 0.0,
            "test_h1_mase": 0.002206898402001105,
            "test_h7_mae": 0.001868092126270022,
            "test_h7_mse": 7.301907355535927e-06,
            "test_h7_rmse": 0.0027022041661458386,
            "test_h7_mape": 0.07991304797431176,
            "test_h7_smape": 0.07997895849269325,
            "test_h7_r2": 0.9989010353958527,
            "test_h7_mase": 0.022250519155119948,
            "test_h30_mae": 0.01017070141628005,
            "test_h30_mse": 0.00014955953355535618,
            "test_h30_rmse": 0.012229453526440018,
            "test_h30_mape": 0.3602180925243034,
            "test_h30_smape": 0.36110528807968356,
            "test_h30_r2": 0.998299257594756,
            "test_h30_mase": 0.12114144880841599,
            "cv_mae_mean": 0.05622126631628451,
            "cv_mae_std": 0.09298744642028683,
            "cv_rmse_mean": 0.05622126631628451,
            "cv_rmse_std": 0.09298744642028683,
            "cv_mape_mean": 11.201462099609305,
            "cv_mape_std": 15.116883987572448
        }
    },
    "Prophet": {
        "metrics": {
            "val_h1_mae": 0.08331040383363075,
            "val_h1_mse": 0.006940623386922638,
            "val_h1_rmse": 0.08331040383363075,
            "val_h1_mape": 4.645885507363213,
            "val_h1_smape": 4.756373337136264,
            "val_h1_r2": 0.0,
            "val_h1_mase": 0.9956199344245639,
            "val_h7_mae": 0.16831853536523744,
            "val_h7_mse": 0.04082925325410958,
            "val_h7_rmse": 0.20206249838629034,
            "val_h7_mape": 8.744688973381624,
            "val_h7_smape": 9.319368201863295,
            "val_h7_r2": -5.901452976948713,
            "val_h7_mase": 2.0115289499428295,
            "val_h30_mae": 0.3234934230098519,
            "val_h30_mse": 0.1604268657032154,
            "val_h30_rmse": 0.4005332267156065,
            "val_h30_mape": 15.918554654098916,
            "val_h30_smape": 18.084179782128828,
            "val_h30_r2": -10.014093546731756,
            "val_h30_mase": 3.8659817475741316,
            "test_h1_mae": 0.018588933471938685,
            "test_h1_mse": 0.0003455484476241624,
            "test_h1_rmse": 0.018588933471938685,
            "test_h1_mape": 0.8765957123230799,
            "test_h1_smape": 0.8727703784650548,
            "test_h1_r2": 0.0,
            "test_h1_mase": 0.22140954103611302,
            "test_h7_mae": 0.051971002354818045,
            "test_h7_mse": 0.0031811551438548783,
            "test_h7_rmse": 0.056401729972181514,
            "test_h7_mape": 2.270246165499514,
            "test_h7_smape": 2.277967519093781,
            "test_h7_r2": 0.5212241496399037,
            "test_h7_mase": 0.6190175351338719,
            "test_h30_mae": 0.04649938225903472,
            "test_h30_mse": 0.0029528346294893817,
            "test_h30_rmse": 0.05433999107001566,
            "test_h30_mape": 1.7857166260503983,
            "test_h30_smape": 1.7954317525601675,
            "test_h30_r2": 0.9664213243337871,
            "test_h30_mase": 0.5538460234944249
        }
    }
}